village,taluk,district,census_code,lat,lng,name_ta,place_type
Amarambedu,,Kancheepuram,,12.95758,80.01948,,village
Angambakkam,,Kancheepuram,,12.77290,79.83733,அங்கம்பாக்கம்,village
Annadūr,,Kancheepuram,,12.68801,79.90895,,village
Arumpuliyūr,,Kancheepuram,,12.73425,79.89711,,village
Arunkunnam,,Kancheepuram,,12.73502,79.86447,,village
Ayyampettai,,Kancheepuram,,12.80946,79.75679,அய்யம்பேட்டை,village
Bāleswaram,,Kancheepuram,,12.66517,79.84571,,village
Chetpet,,Kancheepuram,,12.92243,80.02005,சேத்துப்பட்டு,village
Cochikalmedu,,Kancheepuram,,12.71839,79.79802,,village
Dharkas,,Kancheepuram,,12.94104,80.07154,,village
Echoor,,Kancheepuram,,12.88811,79.89444,,village
Edamichi,,Kancheepuram,,12.69096,79.87275,,village
Edayarpakkam,,Kancheepuram,,12.98975,79.78349,இடையார்பாக்கம்,village
Edayāmpūdūr,,Kancheepuram,,12.66128,79.86355,,village
Ekanapuram,,Kancheepuram,,12.95940,79.77796,ஏகனாபுரம்,village
Enathur,,Kancheepuram,,12.86303,79.73726,,village
Erumaiyur,,Kancheepuram,,12.95474,80.08160,எருமையூர்,village
Ettayapuram,,Kancheepuram,,12.94721,80.06310,எட்டயபுரம்,village
Gunduperumpedu,,Kancheepuram,,12.92376,79.97883,,village
Gurumpirai,,Kancheepuram,,12.66531,79.88764,,village
Guruvānjeri,,Kancheepuram,,12.74528,79.90595,,village
Irungattukottai,,Kancheepuram,,12.99536,79.99042,இருங்காட்டுக்கோட்டை,village
Irungulam,,Kancheepuram,,12.94113,79.92005,,village
Kaitandalam,,Kancheepuram,,12.64943,79.85848,,village
Kaliyappettai,,Kancheepuram,,12.72107,79.92660,,village
Kammalampoondi,,Kancheepuram,,12.56483,79.76702,,village
Kanchipuram,,Kancheepuram,,12.83639,79.70533,காஞ்சிபுரம்,city
Kanchivakkam,,Kancheepuram,,12.84286,79.98808,காஞ்சிவாக்கம்,village
Karumbākkam,,Kancheepuram,,12.73217,79.90841,,village
Karunakaracheri,,Kancheepuram,,12.92561,80.02586,,village
Kavanippākkam,,Kancheepuram,,12.72156,79.89369,,village
Kidangarai,,Kancheepuram,,12.68636,79.88073,,village
Kolathur,,Kancheepuram,,12.93858,79.99404,கொளத்தூர்,village
Kunnavākkam,,Kancheepuram,,12.66890,79.82048,,village
Kāttānkulam,,Kancheepuram,,12.70281,79.82091,,village
Kāvittandalam,,Kancheepuram,,12.71466,79.93354,,village
Kāvāmpayar,,Kancheepuram,,12.71629,79.78793,,village
Maarimangalam,,Kancheepuram,,13.01885,79.78423,,village
Maduramangalam,,Kancheepuram,,12.94938,79.81514,மதுராமங்கலம்,village
Madūr,,Kancheepuram,,12.74341,79.84992,,village
Mahanyam,,Kancheepuram,,12.90797,79.99720,,village
Maiyūr,,Kancheepuram,,12.67120,79.86181,,village
Malaipattu,,Kancheepuram,,12.92522,80.00775,மலைப்பட்டு,village
Malayankulam,,Kancheepuram,,12.70844,79.80623,,village
Manampathy,,Kancheepuram,,12.62810,79.66149,மானாம்பதி,village
Manimangalam,,Kancheepuram,,12.91683,80.04124,மணிமங்கலம்,village
Mannur,,Kancheepuram,,13.02192,79.95648,,village
Melattur Junction,,Kancheepuram,,12.95431,80.04287,,village
Mevalurkuppam,,Kancheepuram,,13.02802,80.00721,மேவளூர்குப்பம்,village
Molaginimeni,,Kancheepuram,,12.71473,79.91301,,village
Māmbākkam,,Kancheepuram,,12.66259,79.91000,,village
Māmbūdur,,Kancheepuram,,12.67111,79.85035,,village
Naduveerapattu,,Kancheepuram,,12.93803,80.05586,,village
Nariyambākkam,,Kancheepuram,,12.69917,79.80713,,village
Nariyamputtūr,,Kancheepuram,,12.68947,79.80042,,village
Nattapettai,,Kancheepuram,,12.81791,79.73048,நெட்டப்பேட்டை,village
Nattarasanpattu,,Kancheepuram,,12.83230,79.98935,நாட்டரசன்பட்டு,village
Navalur,,Kancheepuram,,12.93994,79.98928,நாவலூர்,village
Neervalur,,Kancheepuram,,12.90541,79.79499,,village
Nemili,,Kancheepuram,,13.00016,79.95590,நெமிலி,village
Nerkunram,,Kancheepuram,,12.69003,79.85315,,village
Neyyādippākkam,,Kancheepuram,,12.72959,79.80489,,village
Nīrkunram,,Kancheepuram,,12.70909,79.85147,,village
Oragadam,,Kancheepuram,,12.83865,79.94523,ஒரகடம்,town
Orakkāttupettai,,Kancheepuram,,12.71740,79.93514,,village
Orathur,,Kancheepuram,,12.84779,80.01676,,village
Orikkai,,Kancheepuram,,12.80617,79.70878,ஓரிக்கை,village
Padūr,,Kancheepuram,,12.70926,79.82318,,village
Palaveri,,Kancheepuram,,12.74111,79.88146,,village
Palnellore,,Kancheepuram,,12.89177,79.91397,,village
Parandur,,Kancheepuram,,12.94253,79.73719,,village
Patta,,Kancheepuram,,12.71826,79.86524,,village
Pazhaya Sreevaram,,Kancheepuram,,12.77610,79.86995,,village
Pennalur,,Kancheepuram,,12.98093,79.98314,பென்னலூர்,village
Peranakkāvūr,,Kancheepuram,,12.71219,79.89320,,village
Perunagar,,Kancheepuram,,12.64943,79.65543,பெருநகர்,village
Pillaipakkam,,Kancheepuram,,12.95587,79.98661,பிள்ளைபாக்கம்,village
Pināyūr,,Kancheepuram,,12.75367,79.88979,,village
Pondur,,Kancheepuram,,12.92991,79.93160,பொன்துர்,village
Porpandal,,Kancheepuram,,12.69670,79.88477,,village
Puducheri,,Kancheepuram,,12.95190,80.04281,,village
Pullalur,,Kancheepuram,,12.97155,79.70839,,village
Pullambākkam,,Kancheepuram,,12.75407,79.83658,,village
Pullippākkam,,Kancheepuram,,12.65491,79.87734,,village
Pushpagiri,,Kancheepuram,,12.91775,80.02433,,village
Sadachivākkam,,Kancheepuram,,12.65477,79.82113,,village
Salamangalam,,Kancheepuram,,12.88696,80.00269,,village
Sengadu,,Kancheepuram,,13.03011,79.90850,செங்காடு,village
Sevanthankulam,,Kancheepuram,,12.65109,79.84532,,village
Sevilimedu,,Kancheepuram,,12.80911,79.68492,,village
Sinnalampādi,,Kancheepuram,,12.68204,79.84406,,village
Sirudāmūr,,Kancheepuram,,12.71219,79.85559,,village
Sirukalattūr,,Kancheepuram,,12.69860,79.79240,,village
Sirumailūr,,Kancheepuram,,12.72064,79.83125,,village
Sirumathur,,Kancheepuram,,12.89606,80.01582,,village
Siruppanaiyūr,,Kancheepuram,,12.65573,79.91751,,village
Siruvanjur,,Kancheepuram,,12.83381,80.00033,சிறுவாஞ்சூர்,village
Sitapuram,,Kancheepuram,,12.67260,79.88906,,village
Sittanakkāvūr,,Kancheepuram,,12.69588,79.89844,,village
Sittananjori,,Kancheepuram,,12.74561,79.90442,,village
Sittālapākkam,,Kancheepuram,,12.73266,79.83593,,village
Sogandi,,Kancheepuram,,12.94260,79.86844,,village
Somangalam,,Kancheepuram,,12.94829,80.03415,,village
Sriperumbudur,,Kancheepuram,,12.96661,79.94581,ஸ்ரீபெரும்புதூர்,town
Sunguvarchatram,,Kancheepuram,,12.92556,79.87905,சுங்குவார்சத்திரம்,village
Sālavākkam,,Kancheepuram,,12.67005,79.89127,சாலவாக்கம்,village
Sāttananjeri,,Kancheepuram,,12.74174,79.91914,,village
Sītāpuram,,Kancheepuram,,12.73958,79.89223,,village
Tandarai,,Kancheepuram,,12.70078,79.90670,,village
Teradikuppam,,Kancheepuram,,12.69749,79.88245,,village
Thandalam,,Kancheepuram,,13.01698,80.00536,தண்டலம்,village
Theresapuram,,Kancheepuram,,12.91686,79.93753,,village
Tirumakkūdal,,Kancheepuram,,12.75785,79.86061,,village
Tiruvānakoil,,Kancheepuram,,12.71177,79.91902,,village
Uttiramerur,,Kancheepuram,,12.61705,79.75985,உத்திரமேரூர்,village
Vadamangalam,,Kancheepuram,,12.95763,79.91004,,village
Vadamelpakkam,,Kancheepuram,,12.81764,80.00833,வடமேல்பாக்கம்,village
Valarpuram,,Kancheepuram,,13.02150,79.97408,,village
Vayalakkāvūr,,Kancheepuram,,12.73605,79.82203,,village
Vellattodu,,Kancheepuram,,12.64167,79.82853,,village
Vendivākkam,,Kancheepuram,,12.68041,79.81891,,village
Vichchūr,,Kancheepuram,,12.70825,79.92238,,village
Vinnamangalam,,Kancheepuram,,12.64749,79.84004,,village
Vizhuthavādi,,Kancheepuram,,12.71147,79.84331,,village
Vādāvūr,,Kancheepuram,,12.66301,79.80823,,village
Wallajahbad,,Kancheepuram,,12.79160,79.81801,வாலாஜாபாத்,town
Ālanjeri,,Kancheepuram,,12.64781,79.82525,,village
Ālappākkam,,Kancheepuram,,12.67183,79.90698,,village
Ānambākkam,,Kancheepuram,,12.70229,79.84586,,village
